{"cameraMode":{"drawMode":0,"name":"Shaded","section":"Shading Mode"},"sceneLighting":true,"audioPlay":false,"sceneViewState":{"m_AlwaysRefresh":false,"showFog":true,"showSkybox":true,"showFlares":true,"showImageEffects":true,"showParticleSystems":true,"showVisualEffectGraphs":true,"m_FxEnabled":true},"in2DMode":false,"pivot":{"x":38.515933990478519,"y":-22.071212768554689,"z":-14.077197074890137},"rotation":{"x":0.003981956746429205,"y":0.7480276823043823,"z":-0.004488032776862383,"w":0.6636443138122559},"size":77.44017028808594,"orthographic":false}