{"cameraMode":{"drawMode":0,"name":"Shaded","section":"Shading Mode"},"sceneLighting":true,"audioPlay":false,"sceneViewState":{"m_AlwaysRefresh":false,"showFog":true,"showSkybox":true,"showFlares":true,"showImageEffects":true,"showParticleSystems":true,"showVisualEffectGraphs":true,"m_FxEnabled":true},"in2DMode":false,"pivot":{"x":7.023435592651367,"y":5.750359058380127,"z":2.058413505554199},"rotation":{"x":-0.045762624591588977,"y":0.9538901448249817,"z":-0.19615493714809419,"w":-0.22254110872745515},"size":4.3657684326171879,"orthographic":false}