{"cameraMode":{"drawMode":0,"name":"Shaded","section":"Shading Mode"},"sceneLighting":true,"audioPlay":false,"sceneViewState":{"m_AlwaysRefresh":false,"showFog":true,"showSkybox":true,"showFlares":true,"showImageEffects":true,"showParticleSystems":true,"showVisualEffectGraphs":true,"m_FxEnabled":true},"in2DMode":false,"pivot":{"x":0.9016568660736084,"y":0.5488455295562744,"z":2.565904140472412},"rotation":{"x":-0.044910069555044177,"y":0.9549120664596558,"z":-0.19785840809345246,"w":-0.2167467325925827},"size":4.3657684326171879,"orthographic":false}